{
  "urban_core": {
    "sample_size": 19,
    "active_outdoors": {
      "parks_1km": {
        "median": 18,
        "p25": 8.0,
        "p75": 36.0,
        "min": 0,
        "max": 63,
        "count": 19
      },
      "playgrounds_1km": {
        "median": 0,
        "p25": 0.0,
        "p75": 0.0,
        "min": 0,
        "max": 0,
        "count": 19
      },
      "park_area_hectares": {
        "median": 9.8198,
        "p25": 5.2054,
        "p75": 22.928,
        "min": 0.0,
        "max": 353.4289,
        "count": 19
      },
      "trails_15km": {
        "median": 64,
        "p25": 27.0,
        "p75": 100.0,
        "min": 4,
        "max": 249,
        "count": 19
      },
      "water_15km": {
        "median": 51,
        "p25": 26.0,
        "p75": 299.0,
        "min": 0,
        "max": 402,
        "count": 19
      },
      "camping_15km": {
        "median": 1,
        "p25": 0.0,
        "p75": 2.0,
        "min": 0,
        "max": 5,
        "count": 19
      },
      "closest_water_km": {
        "median": 1.3900000000000001,
        "p25": 0.85025,
        "p75": 2.2394999999999996,
        "min": 0.238,
        "max": 6.371,
        "count": 18
      }
    },
    "healthcare": {
      "hospitals_20km": {
        "median": 15,
        "p25": 5.0,
        "p75": 47.0,
        "min": 0,
        "max": 128,
        "count": 19
      },
      "pharmacies_8km": {
        "median": 21,
        "p25": 8.0,
        "p75": 50.0,
        "min": 0,
        "max": 441,
        "count": 19
      },
      "clinics_5km": {
        "median": 17,
        "p25": 4.0,
        "p75": 58.0,
        "min": 0,
        "max": 141,
        "count": 19
      },
      "closest_hospital_km": {
        "median": 1.5325,
        "p25": 0.53,
        "p75": 2.3417499999999998,
        "min": 0.023,
        "max": 5.271,
        "count": 16
      }
    },
    "amenities": {
      "businesses_1km": {
        "median": 170,
        "p25": 70.0,
        "p75": 406.0,
        "min": 0,
        "max": 1182,
        "count": 19
      },
      "business_types": {
        "median": 14,
        "p25": 12.0,
        "p75": 15.0,
        "min": 0,
        "max": 16,
        "count": 19
      },
      "restaurants_1km": {
        "median": 89,
        "p25": 31.0,
        "p75": 171.0,
        "min": 0,
        "max": 642,
        "count": 19
      },
      "median_distance_m": {
        "median": 630.5,
        "p25": 485.0,
        "p75": 695.875,
        "min": 275.5,
        "max": 836.5,
        "count": 18
      }
    }
  },
  "suburban": {
    "sample_size": 13,
    "active_outdoors": {
      "parks_1km": {
        "median": 10,
        "p25": 3.5,
        "p75": 14.5,
        "min": 0,
        "max": 22,
        "count": 13
      },
      "playgrounds_1km": {
        "median": 0,
        "p25": 0.0,
        "p75": 0.0,
        "min": 0,
        "max": 0,
        "count": 13
      },
      "park_area_hectares": {
        "median": 13.5385,
        "p25": 3.9912,
        "p75": 31.44615,
        "min": 0.0,
        "max": 70.7099,
        "count": 13
      },
      "trails_15km": {
        "median": 9,
        "p25": 5.5,
        "p75": 18.0,
        "min": 2,
        "max": 123,
        "count": 13
      },
      "water_15km": {
        "median": 17,
        "p25": 2.0,
        "p75": 58.0,
        "min": 0,
        "max": 323,
        "count": 13
      },
      "camping_15km": {
        "median": 1,
        "p25": 1.0,
        "p75": 5.5,
        "min": 0,
        "max": 16,
        "count": 13
      },
      "closest_water_km": {
        "median": 2.34,
        "p25": 0.425,
        "p75": 4.34,
        "min": 0.287,
        "max": 7.576,
        "count": 11
      }
    },
    "healthcare": {
      "hospitals_20km": {
        "median": 3,
        "p25": 1.0,
        "p75": 5.5,
        "min": 0,
        "max": 30,
        "count": 13
      },
      "pharmacies_8km": {
        "median": 2,
        "p25": 0.0,
        "p75": 6.5,
        "min": 0,
        "max": 13,
        "count": 13
      },
      "clinics_5km": {
        "median": 0,
        "p25": 0.0,
        "p75": 6.5,
        "min": 0,
        "max": 20,
        "count": 13
      },
      "closest_hospital_km": {
        "median": 2.828,
        "p25": 1.827,
        "p75": 5.415,
        "min": 0.191,
        "max": 9.641,
        "count": 11
      }
    },
    "amenities": {
      "businesses_1km": {
        "median": 65,
        "p25": 20.0,
        "p75": 117.5,
        "min": 0,
        "max": 155,
        "count": 13
      },
      "business_types": {
        "median": 12,
        "p25": 6.5,
        "p75": 12.0,
        "min": 0,
        "max": 15,
        "count": 13
      },
      "restaurants_1km": {
        "median": 27,
        "p25": 8.0,
        "p75": 41.5,
        "min": 0,
        "max": 61,
        "count": 13
      },
      "median_distance_m": {
        "median": 389.0,
        "p25": 191.0,
        "p75": 543.0,
        "min": 146.0,
        "max": 788.5,
        "count": 11
      }
    }
  },
  "exurban": {
    "sample_size": 11,
    "active_outdoors": {
      "parks_1km": {
        "median": 2,
        "p25": 0.0,
        "p75": 7.0,
        "min": 0,
        "max": 10,
        "count": 11
      },
      "playgrounds_1km": {
        "median": 0,
        "p25": 0.0,
        "p75": 0.0,
        "min": 0,
        "max": 0,
        "count": 11
      },
      "park_area_hectares": {
        "median": 0.8575,
        "p25": 0.0,
        "p75": 18.8718,
        "min": 0.0,
        "max": 29.2023,
        "count": 11
      },
      "trails_15km": {
        "median": 12,
        "p25": 5.0,
        "p75": 40.0,
        "min": 0,
        "max": 51,
        "count": 11
      },
      "water_15km": {
        "median": 13,
        "p25": 3.0,
        "p75": 44.0,
        "min": 0,
        "max": 231,
        "count": 11
      },
      "camping_15km": {
        "median": 2,
        "p25": 1.0,
        "p75": 5.0,
        "min": 0,
        "max": 16,
        "count": 11
      },
      "closest_water_km": {
        "median": 3.4524999999999997,
        "p25": 0.8932500000000001,
        "p75": 6.2082500000000005,
        "min": 0.795,
        "max": 11.023,
        "count": 10
      }
    },
    "healthcare": {
      "hospitals_20km": {
        "median": 1,
        "p25": 1.0,
        "p75": 3.0,
        "min": 0,
        "max": 5,
        "count": 11
      },
      "pharmacies_8km": {
        "median": 1,
        "p25": 0.0,
        "p75": 5.0,
        "min": 0,
        "max": 8,
        "count": 11
      },
      "clinics_5km": {
        "median": 0,
        "p25": 0.0,
        "p75": 1.0,
        "min": 0,
        "max": 6,
        "count": 11
      },
      "closest_hospital_km": {
        "median": 1.352,
        "p25": 0.8075,
        "p75": 4.0105,
        "min": 0.581,
        "max": 15.871,
        "count": 9
      }
    },
    "amenities": {
      "businesses_1km": {
        "median": 40,
        "p25": 12.0,
        "p75": 50.0,
        "min": 5,
        "max": 134,
        "count": 11
      },
      "business_types": {
        "median": 9,
        "p25": 6.0,
        "p75": 12.0,
        "min": 4,
        "max": 13,
        "count": 11
      },
      "restaurants_1km": {
        "median": 17,
        "p25": 4.0,
        "p75": 30.0,
        "min": 1,
        "max": 49,
        "count": 11
      },
      "median_distance_m": {
        "median": 311.0,
        "p25": 199.0,
        "p75": 695.0,
        "min": 115.0,
        "max": 840.0,
        "count": 11
      }
    }
  },
  "rural": {
    "sample_size": 10,
    "active_outdoors": {
      "parks_1km": {
        "median": 4.5,
        "p25": 1.75,
        "p75": 7.25,
        "min": 0,
        "max": 9,
        "count": 10
      },
      "playgrounds_1km": {
        "median": 0.0,
        "p25": 0.0,
        "p75": 0.0,
        "min": 0,
        "max": 0,
        "count": 10
      },