{
  "all": {
    "all": {
      "anchored_balance": {
        "mean": 0.03157499999999999,
        "n": 40,
        "std": 0.05117024892454598
      },
      "emp_pop_ratio": {
        "mean": 61.52261975327029,
        "n": 40,
        "std": 4.372681311127579
      },
      "estabs_per_1k": {
        "mean": 24.479200057158394,
        "n": 40,
        "std": 3.5639452969795684
      },
      "industry_hhi": {
        "mean": 0.12315045,
        "n": 40,
        "std": 0.009827854206158133
      },
      "jobcat_density_business_finance_law": {
        "mean": 0.19745413331245848,
        "n": 40,
        "std": 0.028944312340067575
      },
      "jobcat_density_healthcare_education": {
        "mean": 0.11104559871321015,
        "n": 40,
        "std": 0.01646673738965196
      },
      "jobcat_density_public_sector_nonprofit": {
        "mean": 0.045200000000000004,
        "n": 40,
        "std": 0.01865234569698943
      },
      "jobcat_density_remote_flexible": {
        "mean": 0.14139543618054562,
        "n": 40,
        "std": 0.039234199906829074
      },
      "jobcat_density_service_retail_hospitality": {
        "mean": 0.3076115587729734,
        "n": 40,
        "std": 0.031990369098984915
      },
      "jobcat_density_skilled_trades_logistics": {
        "mean": 0.1874693687697708,
        "n": 40,
        "std": 0.032706546628021756
      },
      "jobcat_density_tech_professional": {
        "mean": 0.06814463866282854,
        "n": 40,
        "std": 0.025112249040913116
      },
      "net_estab_entry_per_1k": {
        "mean": 0.49865489557242215,
        "n": 40,
        "std": 0.28531547129414914
      },
      "unemployment_rate": {
        "mean": 5.279999999999999,
        "n": 40,
        "std": 1.416898020324681
      }
    },
    "rural": {},
    "suburban": {
      "anchored_balance": {
        "mean": 0.03472727272727271,
        "n": 22,
        "std": 0.052730172334064726
      },
      "emp_pop_ratio": {
        "mean": 62.803915817420446,
        "n": 22,
        "std": 3.187900279669764
      },
      "estabs_per_1k": {
        "mean": 24.811937665935332,
        "n": 22,
        "std": 3.966955355599501
      },
      "industry_hhi": {
        "mean": 0.12119277272727275,
        "n": 22,
        "std": 0.006599312615250296
      },
      "jobcat_density_business_finance_law": {
        "mean": 0.2020419627435941,
        "n": 22,
        "std": 0.01891543439404168
      },
      "jobcat_density_healthcare_education": {
        "mean": 0.10685831424119717,
        "n": 22,
        "std": 0.009425872118706095
      },
      "jobcat_density_public_sector_nonprofit": {
        "mean": 0.046681818181818185,
        "n": 22,
        "std": 0.017049090521294847
      },
      "jobcat_density_remote_flexible": {
        "mean": 0.14531934362176577,
        "n": 22,
        "std": 0.031367137401130604
      },
      "jobcat_density_service_retail_hospitality": {
        "mean": 0.3132482496679615,
        "n": 22,
        "std": 0.02695553839021992
      },
      "jobcat_density_skilled_trades_logistics": {
        "mean": 0.18295267497150558,
        "n": 22,
        "std": 0.02273541790704787
      },
      "jobcat_density_tech_professional": {
        "mean": 0.07132941249082454,
        "n": 22,
        "std": 0.020809553109099432
      },
      "net_estab_entry_per_1k": {
        "mean": 0.49291982126839023,
        "n": 22,
        "std": 0.29154329677429386
      },
      "unemployment_rate": {
        "mean": 4.986363636363636,
        "n": 22,
        "std": 0.8609167706290852
      }
    },
    "urban": {}
  },
  "east_north_central": {
    "all": {},
    "rural": {},
    "suburban": {},
    "urban": {}
  },
  "east_south_central": {
    "all": {},
    "suburban": {}
  },
  "middle_atlantic": {
    "all": {},
    "suburban": {}
  },
  "mountain": {
    "all": {},
    "rural": {},
    "suburban": {}
  },
  "new_england": {
    "all": {},
    "urban": {}
  },
  "pacific": {
    "all": {},
    "rural": {},
    "suburban": {},
    "urban": {}
  },
  "south_atlantic": {
    "all": {},
    "rural": {},
    "suburban": {},
    "urban": {}
  },
  "west_north_central": {
    "all": {},
    "suburban": {}
  },
  "west_south_central": {
    "all": {},
    "rural": {}
  }
}