{
  "east_north_central": {
    "suburban": {
      "anchored_balance": {
        "mean": 0.02642857142857143,
        "n": 7,
        "std": 0.06806059724950393
      },
      "emp_pop_ratio": {
        "mean": 61.98571428571428,
        "n": 7,
        "std": 2.474110848324285
      },
      "estabs_per_1k": {
        "mean": 23.344285714285714,
        "n": 7,
        "std": 5.643772439329813
      },
      "industry_hhi": {
        "mean": 0.13378571428571429,
        "n": 7,
        "std": 0.025199344014785588
      },
      "net_estab_entry_per_1k": {
        "mean": 0.3885714285714285,
        "n": 7,
        "std": 0.07716930763468288
      },
      "unemployment_rate": {
        "mean": 5.357142857142857,
        "n": 7,
        "std": 1.1745602737768266
      }
    },
    "urban": {
      "anchored_balance": {
        "mean": 0.01325,
        "n": 4,
        "std": 0.04578414026712744
      },
      "emp_pop_ratio": {
        "mean": 64.225,
        "n": 4,
        "std": 2.428348204026764
      },
      "estabs_per_1k": {
        "mean": 22.1725,
        "n": 4,
        "std": 1.5372276181489848
      },
      "industry_hhi": {
        "mean": 0.12687500000000002,
        "n": 4,
        "std": 0.005981377349741451
      },
      "net_estab_entry_per_1k": {
        "mean": 0.245,
        "n": 4,
        "std": 0.08381527307120104
      },
      "unemployment_rate": {
        "mean": 4.2,
        "n": 4,
        "std": 1.3638181696985856
      }
    }
  },
  "east_south_central": {
    "rural": {
      "anchored_balance": {
        "mean": 0.08249999999999999,
        "n": 2,
        "std": 0.020499999999999997
      },
      "emp_pop_ratio": {
        "mean": 55.6,
        "n": 2,
        "std": 0.8999999999999986
      },
      "estabs_per_1k": {
        "mean": 20.695,
        "n": 2,
        "std": 1.5650000000000013
      },
      "industry_hhi": {
        "mean": 0.12225,
        "n": 2,
        "std": 0.004049999999999998
      },
      "net_estab_entry_per_1k": {
        "mean": 0.19,
        "n": 2,
        "std": 0.04000000000000001
      },
      "unemployment_rate": {
        "mean": 5.8,
        "n": 2,
        "std": 0.20000000000000018
      }
    },
    "suburban": {
      "anchored_balance": {
        "mean": 0.036166666666666666,
        "n": 6,
        "std": 0.06181266500932925
      },
      "emp_pop_ratio": {
        "mean": 56.23333333333333,
        "n": 6,
        "std": 8.024476445365284
      },
      "estabs_per_1k": {
        "mean": 21.916666666666668,
        "n": 6,
        "std": 3.4803240589858224
      },
      "industry_hhi": {
        "mean": 0.12373333333333332,
        "n": 6,
        "std": 0.011058581383804259
      },
      "net_estab_entry_per_1k": {
        "mean": 0.25166666666666665,
        "n": 6,
        "std": 0.27021082304172955
      },
      "unemployment_rate": {
        "mean": 5.483333333333333,
        "n": 6,
        "std": 1.2928220638931287
      }
    }
  },
  "middle_atlantic": {
    "suburban": {
      "anchored_balance": {
        "mean": 0.037,
        "n": 6,
        "std": 0.0599610985000553
      },
      "emp_pop_ratio": {
        "mean": 59.26666666666667,
        "n": 6,
        "std": 1.3349989596333869
      },
      "estabs_per_1k": {
        "mean": 23.351666666666663,
        "n": 6,
        "std": 3.87668422180032
      },
      "industry_hhi": {
        "mean": 0.13176666666666667,
        "n": 6,
        "std": 0.0048337930815825735
      },
      "net_estab_entry_per_1k": {
        "mean": 0.4683333333333333,
        "n": 6,
        "std": 0.13284284783992784
      },
      "unemployment_rate": {
        "mean": 5.966666666666666,
        "n": 6,
        "std": 1.1455226851626392
      }
    },
    "urban": {
      "anchored_balance": {
        "mean": 0.11399999999999999,
        "n": 4,
        "std": 0.0069282032302755096
      },
      "emp_pop_ratio": {
        "mean": 60.775,
        "n": 4,
        "std": 0.4763139720814419
      },
      "estabs_per_1k": {
        "mean": 24.2075,
        "n": 4,
        "std": 1.0782016277116253
      },
      "industry_hhi": {
        "mean": 0.132375,
        "n": 4,
        "std": 0.0004763139720814489
      },
      "net_estab_entry_per_1k": {
        "mean": 0.6625,
        "n": 4,
        "std": 0.1169134295108992
      },
      "unemployment_rate": {
        "mean": 6.4,
        "n": 4,
        "std": 0.1732050807568879
      }
    }
  },
  "mountain": {
    "rural": {},
    "suburban": {
      "anchored_balance": {
        "mean": 0.007888888888888888,
        "n": 9,
        "std": 0.07892675147733771
      },
      "emp_pop_ratio": {
        "mean": 58.75555555555555,
        "n": 9,
        "std": 3.728899483497068
      },
      "estabs_per_1k": {
        "mean": 25.204444444444444,
        "n": 9,
        "std": 5.7695621076109616
      },
      "industry_hhi": {
        "mean": 0.12427777777777778,
        "n": 9,
        "std": 0.009563097798630567
      },
      "net_estab_entry_per_1k": {
        "mean": 0.8577777777777778,
        "n": 9,
        "std": 0.5732902653935977
      },
      "unemployment_rate": {
        "mean": 5.044444444444444,
        "n": 9,
        "std": 1.316654946033159
      }
    },
    "urban": {
      "anchored_balance": {
        "mean": 0.004,
        "n": 2,
        "std": 0.009000000000000001
      },
      "emp_pop_ratio": {
        "mean": 68.85,
        "n": 2,
        "std": 0.44999999999999574
      },
      "estabs_per_1k": {
        "mean": 26.16,
        "n": 2,
        "std": 0.6900000000000013
      },
      "industry_hhi": {
        "mean": 0.11315,
        "n": 2,
        "std": 0.0008500000000000035
      },
      "net_estab_entry_per_1k": {
        "mean": 0.435,
        "n": 2,
        "std": 0.065
      },
      "unemployment_rate": {
        "mean": 3.95,
        "n": 2,
        "std": 0.34999999999999987
      }
    }
  },
  "new_england": {
    "rural": {},
    "suburban": {
      "anchored_balance": {
        "mean": 0.07150000000000001,
        "n": 2,
        "std": 0.0215
      },
      "emp_pop_ratio": {
        "mean": 65.05000000000001,
        "n": 2,
        "std": 0.6499999999999986
      },
      "estabs_per_1k": {
        "mean": 28.945,
        "n": 2,
        "std": 1.3249999999999993
      },
      "industry_hhi": {
        "mean": 0.13635,
        "n": 2,
        "std": 0.005149999999999988
      },
      "net_estab_entry_per_1k": {
        "mean": 0.52,
        "n": 2,
        "std": 0.14
      },
      "unemployment_rate": {
        "mean": 3.5999999999999996,
        "n": 2,
        "std": 0.19999999999999996
      }
    },
    "urban": {
      "anchored_balance": {
        "mean": 0.0595,
        "n": 2,
        "std": 0.028499999999999998
      },
      "emp_pop_ratio": {
        "mean": 64.25,
        "n": 2,
        "std": 1.1500000000000021
      },
      "estabs_per_1k": {
        "mean": 24.799999999999997,
        "n": 2,
        "std": 0.2400000000000002
      },
      "industry_hhi": {
        "mean": 0.13245,
        "n": 2,
        "std": 0.007550000000000008
      },
      "net_estab_entry_per_1k": {
        "mean": 0.49,
        "n": 2,
        "std": 0.07999999999999999
      },
      "unemployment_rate": {
        "mean": 5.6,
        "n": 2,
        "std": 0.6000000000000001
      }
    }
  },
  "pacific": {
    "suburban": {
      "anchored_balance": {
        "mean": 0.043,
        "n": 8,
        "std": 0.06075360071633614
      },
      "emp_pop_ratio": {
        "mean": 59.85,
        "n": 8,
        "std": 3.1792294663959066
      },
      "estabs_per_1k": {
        "mean": 22.82875,
        "n": 8,
        "std": 2.925343729803388
      },
      "industry_hhi": {
        "mean": 0.1240875,
        "n": 8,
        "std": 0.0059658271639396335
      },
      "net_estab_entry_per_1k": {
        "mean": 0.43,
        "n": 8,
        "std": 0.13257073583562853
      },