{
  "east_north_central": {
    "rural": {
      "anchored_balance": {
        "mean": -0.050875,
        "n": 8,
        "std": 0.07611083612075221
      },
      "emp_pop_ratio": {
        "mean": 55.8375,
        "n": 8,
        "std": 2.5840556785797024
      },
      "estabs_per_1k": {
        "mean": 19.6825,
        "n": 8,
        "std": 3.2443556756311414
      },
      "industry_hhi": {
        "mean": 0.1356625,
        "n": 8,
        "std": 0.011302094662052694
      },
      "net_estab_entry_per_1k": {
        "mean": 0.18625,
        "n": 8,
        "std": 0.22005326059842875
      },
      "unemployment_rate": {
        "mean": 5.65,
        "n": 8,
        "std": 1.606237840420901
      }
    },
    "suburban": {
      "anchored_balance": {
        "mean": 0.011133333333333332,
        "n": 15,
        "std": 0.06628007912554788
      },
      "emp_pop_ratio": {
        "mean": 60.65333333333333,
        "n": 15,
        "std": 2.426208748003536
      },
      "estabs_per_1k": {
        "mean": 30.634666666666664,
        "n": 15,
        "std": 31.853626243944174
      },
      "industry_hhi": {
        "mean": 0.13382,
        "n": 15,
        "std": 0.019434649469439888
      },
      "net_estab_entry_per_1k": {
        "mean": 0.37733333333333335,
        "n": 15,
        "std": 0.21445952739127466
      },
      "unemployment_rate": {
        "mean": 5.38,
        "n": 15,
        "std": 1.108271928123539
      }
    },
    "urban": {
      "anchored_balance": {
        "mean": 0.011,
        "n": 5,
        "std": 0.04119708727568006
      },
      "emp_pop_ratio": {
        "mean": 63.879999999999995,
        "n": 5,
        "std": 2.2789471253190605
      },
      "estabs_per_1k": {
        "mean": 22.284,
        "n": 5,
        "std": 1.3929048783028943
      },
      "industry_hhi": {
        "mean": 0.12542,
        "n": 5,
        "std": 0.006090123151464184
      },
      "net_estab_entry_per_1k": {
        "mean": 0.266,
        "n": 5,
        "std": 0.08593020423576332
      },
      "unemployment_rate": {
        "mean": 4.6,
        "n": 5,
        "std": 1.4587666023048378
      }
    }
  },
  "east_south_central": {
    "rural": {},
    "suburban": {
      "anchored_balance": {
        "mean": 0.036166666666666666,
        "n": 6,
        "std": 0.06181266500932925
      },
      "emp_pop_ratio": {
        "mean": 56.23333333333333,
        "n": 6,
        "std": 8.024476445365284
      },
      "estabs_per_1k": {
        "mean": 21.916666666666668,
        "n": 6,
        "std": 3.4803240589858224
      },
      "industry_hhi": {
        "mean": 0.12373333333333332,
        "n": 6,
        "std": 0.011058581383804259
      },
      "net_estab_entry_per_1k": {
        "mean": 0.25166666666666665,
        "n": 6,
        "std": 0.27021082304172955
      },
      "unemployment_rate": {
        "mean": 5.483333333333333,
        "n": 6,
        "std": 1.2928220638931287
      }
    }
  },
  "middle_atlantic": {
    "rural": {
      "anchored_balance": {
        "mean": 0.17833333333333334,
        "n": 3,
        "std": 0.09906339160131535
      },
      "emp_pop_ratio": {
        "mean": 58.36666666666667,
        "n": 3,
        "std": 2.22311093340441
      },
      "estabs_per_1k": {
        "mean": 21.573333333333334,
        "n": 3,
        "std": 2.3031041854177783
      },
      "industry_hhi": {
        "mean": 0.1789333333333333,
        "n": 3,
        "std": 0.05394221187736208
      },
      "net_estab_entry_per_1k": {
        "mean": 0.41,
        "n": 3,
        "std": 0.2299275248130738
      },
      "unemployment_rate": {
        "mean": 5.3999999999999995,
        "n": 3,
        "std": 0.787400787401181
      }
    },
    "suburban": {
      "anchored_balance": {
        "mean": 0.07413333333333334,
        "n": 15,
        "std": 0.059470851870662
      },
      "emp_pop_ratio": {
        "mean": 59.20666666666667,
        "n": 15,
        "std": 1.7657733590570335
      },
      "estabs_per_1k": {
        "mean": 22.481333333333332,
        "n": 15,
        "std": 3.0319275863530923
      },
      "industry_hhi": {
        "mean": 0.13387333333333332,
        "n": 15,
        "std": 0.005110051097809316
      },
      "net_estab_entry_per_1k": {
        "mean": 0.4486666666666667,
        "n": 15,
        "std": 0.17940147404324439
      },
      "unemployment_rate": {
        "mean": 5.886666666666667,
        "n": 15,
        "std": 0.8686131986614578
      }
    },
    "urban": {
      "anchored_balance": {
        "mean": 0.11533333333333333,
        "n": 6,
        "std": 0.005962847939999439
      },
      "emp_pop_ratio": {
        "mean": 60.68333333333334,
        "n": 6,
        "std": 0.409945795874962
      },
      "estabs_per_1k": {
        "mean": 24.414999999999996,
        "n": 6,
        "std": 0.9279682106624122
      },
      "industry_hhi": {
        "mean": 0.13228333333333334,
        "n": 6,
        "std": 0.000409945795874968
      },
      "net_estab_entry_per_1k": {
        "mean": 0.685,
        "n": 6,
        "std": 0.10062305898749052
      },
      "unemployment_rate": {
        "mean": 6.433333333333334,
        "n": 6,
        "std": 0.14907119849998612
      }
    }
  },
  "mountain": {
    "rural": {
      "anchored_balance": {
        "mean": -0.07481818181818183,
        "n": 11,
        "std": 0.09364324776106214
      },
      "emp_pop_ratio": {
        "mean": 64.88181818181819,
        "n": 11,
        "std": 7.861160934599256
      },
      "estabs_per_1k": {
        "mean": 58.99545454545455,
        "n": 11,
        "std": 50.49356815272009
      },
      "industry_hhi": {
        "mean": 0.128,
        "n": 11,
        "std": 0.011635759927521236
      },
      "net_estab_entry_per_1k": {
        "mean": 1.1627272727272728,
        "n": 11,
        "std": 0.8534218919267508
      },
      "unemployment_rate": {
        "mean": 3.9545454545454546,
        "n": 11,
        "std": 1.9397111483009462
      }
    },
    "suburban": {
      "anchored_balance": {
        "mean": -0.008705882352941176,
        "n": 17,
        "std": 0.0717739627588153
      },
      "emp_pop_ratio": {
        "mean": 60.77058823529411,
        "n": 17,
        "std": 4.34819295879569
      },
      "estabs_per_1k": {
        "mean": 26.665294117647058,
        "n": 17,
        "std": 8.741368931457346
      },
      "industry_hhi": {
        "mean": 0.12138823529411766,
        "n": 17,
        "std": 0.008753747590935732
      },
      "net_estab_entry_per_1k": {
        "mean": 0.8623529411764705,
        "n": 17,
        "std": 0.5596483077555962
      },
      "unemployment_rate": {
        "mean": 4.800000000000001,
        "n": 17,
        "std": 1.499411649320375
      }
    },
    "urban": {}
  },
  "new_england": {
    "rural": {
      "anchored_balance": {
        "mean": 0.03225,
        "n": 8,
        "std": 0.07151354766755737
      },
      "emp_pop_ratio": {
        "mean": 59.925000000000004,
        "n": 8,
        "std": 4.6042779021253715
      },
      "estabs_per_1k": {
        "mean": 40.8525,
        "n": 8,
        "std": 15.826300696941152
      },
      "industry_hhi": {
        "mean": 0.13435,
        "n": 8,
        "std": 0.011664583147288207
      },
      "net_estab_entry_per_1k": {
        "mean": 1.1875,
        "n": 8,
        "std": 1.1620967042376464
      },
      "unemployment_rate": {
        "mean": 4.8875,
        "n": 8,
        "std": 1.3733512842677944
      }
    },
    "suburban": {
      "anchored_balance": {
        "mean": 0.08718181818181818,
        "n": 11,
        "std": 0.06483940746436982
      },
      "emp_pop_ratio": {
        "mean": 61.41818181818182,
        "n": 11,
        "std": 2.6124938214170292
      },
      "estabs_per_1k": {
        "mean": 22.44363636363636,
        "n": 11,
        "std": 4.541025660529433
      },
      "industry_hhi": {
        "mean": 0.14491818181818183,
        "n": 11,