{
  "all": {
    "mean": 5.235702518176031,
    "n": 48345,
    "std": 255.96786388385803
  },
  "east_south_central": {
    "mean": 1.6654520680137386,
    "n": 3565,
    "std": 18.808090687324984
  },
  "middle_atlantic": {
    "mean": 3.709227589898022,
    "n": 7084,
    "std": 59.72095635410575
  },
  "mountain": {
    "mean": 3.761033228523506,
    "n": 5156,
    "std": 74.05674122737254
  },
  "new_england": {
    "mean": 7.146095459185311,
    "n": 2687,
    "std": 251.5001873149667
  },
  "pacific": {
    "mean": 8.742059051863375,
    "n": 11386,
    "std": 336.87884404587277
  },
  "south_atlantic": {
    "mean": 6.94155237950886,
    "n": 7466,
    "std": 451.79800106165203
  },
  "west_north_central": {
    "mean": 1.7206434091551215,
    "n": 2185,
    "std": 9.50177285966683
  },
  "west_south_central": {
    "mean": 3.0842521855583067,
    "n": 8816,
    "std": 119.61241105210476
  }
}