{
  "all": {
    "mean": 5.593264391337807,
    "n": 3211,
    "std": 33.84669414925516
  },
  "middle_atlantic": {
    "mean": 6.8018911869049345,
    "n": 1846,
    "std": 44.24723132078993
  },
  "new_england": {
    "mean": 3.958740534475596,
    "n": 1365,
    "std": 6.52091306203207
  }
}