{
  "all": {
    "mean": 5.481054277239034,
    "n": 22854,
    "std": 43.470583650611196
  },
  "east_north_central": {
    "mean": 5.2071881831299125,
    "n": 3486,
    "std": 31.378233554147226
  },
  "east_south_central": {
    "mean": 3.7994311163347065,
    "n": 1698,
    "std": 14.194174125703622
  },
  "middle_atlantic": {
    "mean": 5.578456797358649,
    "n": 2931,
    "std": 35.1612493066923
  },
  "mountain": {
    "mean": 8.382278233498482,
    "n": 1644,
    "std": 124.32836887579646
  },
  "new_england": {
    "mean": 3.88475624416721,
    "n": 1342,
    "std": 6.372315498103111
  },
  "pacific": {
    "mean": 7.982504882029765,
    "n": 2394,
    "std": 44.02440193881086
  },
  "south_atlantic": {
    "mean": 6.155607190830453,
    "n": 4182,
    "std": 36.02173768908148
  },
  "unknown": {
    "mean": 3.6409658936567313,
    "n": 139,
    "std": 5.236313455564492
  },
  "west_north_central": {
    "mean": 3.5073974275218203,
    "n": 2400,
    "std": 4.988948947089603
  },
  "west_south_central": {
    "mean": 4.37427717838844,
    "n": 2638,
    "std": 7.28787485897039
  }
}