{
  "all": {
    "mean": 4.668673538341094,
    "n": 9881,
    "std": 140.59068393467987
  },
  "middle_atlantic": {
    "mean": 3.7156387577780507,
    "n": 7159,
    "std": 59.447541878363424
  },
  "new_england": {
    "mean": 7.175204028440592,
    "n": 2722,
    "std": 249.8946860248039
  }
}