{
  "all": {
    "mean": 3.624395937378132,
    "n": 9823,
    "std": 115.99877450560636
  },
  "middle_atlantic": {
    "mean": 2.71593996479811,
    "n": 7110,
    "std": 39.00683294311478
  },
  "new_england": {
    "mean": 6.005200200203033,
    "n": 2713,
    "std": 211.48044127350445
  }
}