{
  "all": {
    "mean": 0.3802665675738314,
    "n": 858,
    "std": 1.312341066111717
  },
  "east_south_central": {
    "mean": 0.3319468980141486,
    "n": 69,
    "std": 0.20042824503171364
  },
  "mountain": {
    "mean": 0.3394928755949076,
    "n": 105,
    "std": 0.358751921373055
  },
  "pacific": {
    "mean": 0.4993351623608567,
    "n": 251,
    "std": 2.3907957901083075
  },
  "south_atlantic": {
    "mean": 0.3103061860977926,
    "n": 219,
    "std": 0.19331046179093495
  },
  "west_north_central": {
    "mean": 0.36296907056990957,
    "n": 41,
    "std": 0.2996207427253737
  },
  "west_south_central": {
    "mean": 0.34419488252339814,
    "n": 173,
    "std": 0.23600176773195228
  }
}