{
  "all": {
    "mean": 4.36809647625216,
    "n": 48395,
    "std": 195.22835213210377
  },
  "east_south_central": {
    "mean": 1.836945664770729,
    "n": 3554,
    "std": 30.250506762858507
  },
  "middle_atlantic": {
    "mean": 2.7131566155783062,
    "n": 7034,
    "std": 39.20678493350373
  },
  "mountain": {
    "mean": 4.247875283124814,
    "n": 5168,
    "std": 86.69290863660686
  },
  "new_england": {
    "mean": 5.969866185951309,
    "n": 2678,
    "std": 212.83835050031544
  },
  "pacific": {
    "mean": 6.5445992657710255,
    "n": 11464,
    "std": 220.65086255007856
  },
  "south_atlantic": {
    "mean": 5.659696967116076,
    "n": 7447,
    "std": 359.4450581959307
  },
  "west_north_central": {
    "mean": 1.6376589652794942,
    "n": 2210,
    "std": 9.415759305337271
  },
  "west_south_central": {
    "mean": 3.059568294378227,
    "n": 8840,
    "std": 130.11746330717557
  }
}