{
  "all": {
    "mean": 80.992,
    "n": 100,
    "std": 23.664191006666595
  },
  "east_north_central": {
    "mean": 70.21818181818182,
    "n": 11,
    "std": 27.6682889762998
  },
  "east_south_central": {
    "mean": 72.3,
    "n": 8,
    "std": 22.442760525389918
  },
  "middle_atlantic": {
    "mean": 80.88,
    "n": 10,
    "std": 23.485433783517816
  },
  "mountain": {
    "mean": 92.05,
    "n": 12,
    "std": 17.821732987189172
  },
  "new_england": {
    "mean": 69.28,
    "n": 5,
    "std": 25.263048113796565
  },
  "pacific": {
    "mean": 77.39999999999999,
    "n": 12,
    "std": 23.284329494318705
  },
  "south_atlantic": {
    "mean": 86.16666666666667,
    "n": 21,
    "std": 21.900235557187905
  },
  "west_north_central": {
    "mean": 72.125,
    "n": 8,
    "std": 21.75814502663313
  },
  "west_south_central": {
    "mean": 90.25384615384615,
    "n": 13,
    "std": 17.909628496968
  }
}