{
  "all": {
    "mean": 53.40577999666413,
    "n": 50,
    "std": 8.162728079882804
  },
  "east_north_central": {
    "mean": 45.405788161749335,
    "n": 6,
    "std": 6.95655538184425
  },
  "east_south_central": {
    "mean": 55.680845810218884,
    "n": 5,
    "std": 8.342708121588222
  },
  "middle_atlantic": {
    "mean": 51.9855410768655,
    "n": 5,
    "std": 2.564514537500379
  },
  "mountain": {
    "mean": 57.20755126426561,
    "n": 7,
    "std": 9.246693406100544
  },
  "pacific": {
    "mean": 55.85136607203521,
    "n": 7,
    "std": 7.750669613768438
  },
  "south_atlantic": {
    "mean": 50.296633187614844,
    "n": 6,
    "std": 4.092654832761179
  },
  "west_north_central": {
    "mean": 55.4301184326939,
    "n": 5,
    "std": 3.3896798198672364
  },
  "west_south_central": {
    "mean": 57.13204071326697,
    "n": 6,
    "std": 10.403577129823095
  }
}