{
  "all": {
    "education": {
      "bach_pct": {
        "max": 85.78,
        "min": 3.33
      },
      "grad_pct": {
        "max": 45.44,
        "min": 0.0
      },
      "self_employed_pct": {
        "max": 123.55,
        "min": 0.0
      }
    },
    "occupation": {
      "finance_arts_pct": {
        "max": 25,
        "min": 5
      },
      "white_collar_pct": {
        "max": 65,
        "min": 25
      }
    },
    "wealth": {
      "mean_hh_income": {
        "max": 260606.35324015247,
        "min": 38738.91194098663
      },
      "wealth_gap_ratio": {
        "max": 1.8653804644326826,
        "min": 0.08007115010975639
      }
    }
  },
  "east_north_central": {
    "education": {
      "bach_pct": {
        "max": 84.68,
        "min": 68.12
      },
      "grad_pct": {
        "max": 45.39,
        "min": 25.7
      },
      "self_employed_pct": {
        "max": 93.58,
        "min": 60.17
      }
    },
    "occupation": {},
    "wealth": {
      "mean_hh_income": {
        "max": 142913.57018054745,
        "min": 61035.035211267605
      },
      "wealth_gap_ratio": {
        "max": 1.432353055085785,
        "min": 0.2000501143007855
      }
    }
  },
  "east_south_central": {
    "education": {
      "bach_pct": {
        "max": 80.46,
        "min": 64.15
      },
      "grad_pct": {
        "max": 45.44,
        "min": 22.96
      },
      "self_employed_pct": {
        "max": 101.04,
        "min": 38.29
      }
    },
    "occupation": {},
    "wealth": {
      "mean_hh_income": {
        "max": 128353.64145658263,
        "min": 75428.1081081081
      },
      "wealth_gap_ratio": {
        "max": 0.6749790089597106,
        "min": 0.27662494259204023
      }
    }
  },
  "middle_atlantic": {
    "education": {
      "bach_pct": {
        "max": 69.54,
        "min": 3.33
      },
      "grad_pct": {
        "max": 43.54,
        "min": 0.0
      },
      "self_employed_pct": {
        "max": 77.05,
        "min": 0.0
      }
    },
    "occupation": {},
    "wealth": {
      "mean_hh_income": {
        "max": 135469.1724137931,
        "min": 90043.02059496568
      },
      "wealth_gap_ratio": {
        "max": 0.4554955243253621,
        "min": 0.25997733956909325
      }
    }
  },
  "mountain": {
    "education": {
      "bach_pct": {
        "max": 74.5,
        "min": 18.8
      },
      "grad_pct": {
        "max": 35.38,
        "min": 7.29
      },
      "self_employed_pct": {
        "max": 123.55,
        "min": 58.82
      }
    },
    "occupation": {},
    "wealth": {
      "mean_hh_income": {
        "max": 98194.0,
        "min": 19500.0
      },
      "wealth_gap_ratio": {
        "max": 1.3871741237092239,
        "min": 0.0
      }
    }
  },
  "new_england": {
    "education": {},
    "occupation": {},
    "wealth": {
      "mean_hh_income": {
        "max": 143846.0,
        "min": 24728.0
      },
      "wealth_gap_ratio": {
        "max": 1.3317962883996282,
        "min": 0.0
      }
    }
  },
  "pacific": {
    "education": {
      "bach_pct": {
        "max": 57.22,
        "min": 23.9
      },
      "grad_pct": {
        "max": 21.28,
        "min": 6.97
      },
      "self_employed_pct": {
        "max": 77.55,
        "min": 70.74
      }
    },
    "occupation": {},
    "wealth": {
      "mean_hh_income": {
        "max": 125399.73958333333,
        "min": 38738.91194098663
      },
      "wealth_gap_ratio": {
        "max": 1.6093415688757209,
        "min": 0.08007115010975639
      }
    }
  },
  "south_atlantic": {
    "education": {
      "bach_pct": {
        "max": 85.78,
        "min": 22.64
      },
      "grad_pct": {
        "max": 43.84,
        "min": 5.31
      },
      "self_employed_pct": {
        "max": 113.51,
        "min": 55.06
      }
    },
    "occupation": {},
    "wealth": {
      "mean_hh_income": {
        "max": 260606.35324015247,
        "min": 54751.41430948419
      },
      "wealth_gap_ratio": {
        "max": 1.8653804644326826,
        "min": 0.21984137823198516
      }
    }
  },
  "west_north_central": {
    "education": {
      "bach_pct": {
        "max": 58.94,
        "min": 27.93
      },
      "grad_pct": {
        "max": 23.13,
        "min": 9.05
      },
      "self_employed_pct": {
        "max": 92.85,
        "min": 70.21
      }
    },
    "occupation": {},
    "wealth": {
      "mean_hh_income": {
        "max": 94366.46048109965,
        "min": 64112.63157894737
      },
      "wealth_gap_ratio": {
        "max": 1.0409339743935666,
        "min": 0.09168763756551163
      }
    }
  },
  "west_south_central": {
    "education": {
      "bach_pct": {
        "max": 76.44,
        "min": 4.91
      },
      "grad_pct": {
        "max": 37.82,
        "min": 1.0
      },
      "self_employed_pct": {
        "max": 104.09,
        "min": 79.62
      }
    },
    "occupation": {},
    "wealth": {
      "mean_hh_income": {
        "max": 176948.1764206955,
        "min": 62543.711248892825
      },
      "wealth_gap_ratio": {
        "max": 0.6832112263298123,
        "min": 0.35527045503469973
      }
    }
  }
}