{
  "all": {
    "mean": 0.9138570471684856,
    "n": 85396,
    "std": 0.27459099724552405
  },
  "east_north_central": {
    "mean": 0.8620012767969736,
    "n": 12688,
    "std": 0.339702952282827
  },
  "east_south_central": {
    "mean": 0.989329237128899,
    "n": 5322,
    "std": 0.09559158644975889
  },
  "middle_atlantic": {
    "mean": 0.9760685540858851,
    "n": 11038,
    "std": 0.1517657514811031
  },
  "mountain": {
    "mean": 0.9750582027502399,
    "n": 6254,
    "std": 0.15521150543359757
  },
  "new_england": {
    "mean": 0.0674289686825054,
    "n": 3704,
    "std": 0.09730228136242045
  },
  "pacific": {
    "mean": 0.9858530114722753,
    "n": 12552,
    "std": 0.1180142307202776
  },
  "south_atlantic": {
    "mean": 0.9890076150979685,
    "n": 16638,
    "std": 0.10266882373233144
  },
  "unknown": {
    "mean": 0.001173190621814475,
    "n": 981,
    "std": 0.00879816986537389
  },
  "west_north_central": {
    "mean": 0.9518280006771628,
    "n": 5907,
    "std": 0.2076197100717413
  },
  "west_south_central": {
    "mean": 0.9952195306439099,
    "n": 10312,
    "std": 0.06529368734948897
  }
}