{
  "pillar": "air_travel_access",
  "statistics": {
    "count": 177,
    "mean": 53.77175141242938,
    "median": 84.1,
    "std": 44.26764889555875,
    "min": 0.0,
    "max": 100.0,
    "q25": 0.0,
    "q75": 95.5,
    "q10": 0.0,
    "q90": 100.0,
    "skewness": -0.24703976266808403,
    "kurtosis": 1.2130267969140183
  },
  "high_outliers": [],
  "low_outliers": [],
  "category_stats": {
    "by_area_type": {},
    "by_state": {
      "Michigan": {
        "count": 3,
        "mean": 57.133333333333326,
        "std": 40.42048435577629
      },
      "Tennessee": {
        "count": 6,
        "mean": 0.0,
        "std": 0.0
      },
      "Pennsylvania": {
        "count": 8,
        "mean": 25.7875,
        "std": 38.032434759689004
      },
      "Minnesota": {
        "count": 3,
        "mean": 90.0,
        "std": 0.0
      },
      "Washington": {
        "count": 10,
        "mean": 63.05,
        "std": 45.78203250184509
      },
      "Ohio": {
        "count": 9,
        "mean": 90.0,
        "std": 0.0
      },
      "Maryland": {
        "count": 3,
        "mean": 100.0,
        "std": 0.0
      },
      "Florida": {
        "count": 9,
        "mean": 67.23333333333333,
        "std": 40.51507264106917
      },
      "Illinois": {
        "count": 3,
        "mean": 100.0,
        "std": 0.0
      },
      "Colorado": {
        "count": 6,
        "mean": 49.58333333333332,
        "std": 41.44962471348672
      },
      "California": {
        "count": 22,
        "mean": 75.96818181818182,
        "std": 34.83173039268592
      },
      "Oregon": {
        "count": 7,
        "mean": 64.28571428571429,
        "std": 40.65785563073631
      },
      "Massachusetts": {
        "count": 4,
        "mean": 80.9,
        "std": 15.761662348876783
      },
      "Georgia": {
        "count": 7,
        "mean": 61.4,
        "std": 41.545706327919305
      },
      "North Carolina": {
        "count": 6,
        "mean": 60.0,
        "std": 42.42640687119285
      },
      "Idaho": {
        "count": 6,
        "mean": 20.0,
        "std": 28.284271247461902
      },
      "Montana": {
        "count": 5,
        "mean": 0.0,
        "std": 0.0
      },
      "Texas": {
        "count": 10,
        "mean": 85.63,
        "std": 29.021924470992612
      },
      "New Mexico": {
        "count": 3,
        "mean": 14.9,
        "std": 10.549249578366542
      },
      "Virginia": {
        "count": 7,
        "mean": 71.42857142857143,
        "std": 45.17539514526256
      },
      "Utah": {
        "count": 2,
        "mean": 90.0,
        "std": 0.0
      },
      "Vermont": {
        "count": 2,
        "mean": 0.0,
        "std": 0.0
      },
      "Maine": {
        "count": 2,
        "mean": 0.0,
        "std": 0.0
      },
      "New York": {
        "count": 9,
        "mean": 71.87777777777778,
        "std": 41.769041639785954
      },
      "South Carolina": {
        "count": 3,
        "mean": 40.0,
        "std": 28.284271247461902
      },
      "Alaska": {
        "count": 3,
        "mean": 0.0,
        "std": 0.0
      },
      "Hawaii": {
        "count": 2,
        "mean": 0.0,
        "std": 0.0
      },
      "Arizona": {
        "count": 3,
        "mean": 20.0,
        "std": 28.284271247461902
      },
      "Kentucky": {
        "count": 2,
        "mean": 0.0,
        "std": 0.0
      },
      "Rhode Island": {
        "count": 2,
        "mean": 37.55,
        "std": 0.75
      }
    }
  },
  "location_count": 177
}