{
  "statistics": {
    "active_outdoors": {
      "count": 177,
      "mean": 75.98022598870057,
      "std": 0.12668727814279995,
      "min": 75.7,
      "max": 76.3,
      "median": 76.0,
      "q25": 75.9,
      "q75": 76.1
    },
    "built_beauty": {
      "count": 177,
      "mean": 75.8406779661017,
      "std": 20.21913105346793,
      "min": 0.0,
      "max": 87.80000000000001,
      "median": 82.5,
      "q25": 76.8,
      "q75": 83.80000000000001
    },
    "natural_beauty": {
      "count": 177,
      "mean": 98.60910441265361,
      "std": 0.0035477132953865252,
      "min": 98.59846259103205,
      "max": 98.61627785463898,
      "median": 98.61011238381946,
      "q25": 98.60676636425218,
      "q75": 98.61143050755491
    },
    "neighborhood_amenities": {
      "count": 177,
      "mean": 72.1135593220339,
      "std": 23.794868109493187,
      "min": 0.0,
      "max": 96.4,
      "median": 74.2,
      "q25": 68.4,
      "q75": 91.6
    },
    "air_travel_access": {
      "count": 177,
      "mean": 53.77175141242938,
      "std": 44.26764889555875,
      "min": 0.0,
      "max": 100.0,
      "median": 84.1,
      "q25": 0.0,
      "q75": 95.5
    },
    "public_transit_access": {
      "count": 177,
      "mean": 64.92598870056497,
      "std": 28.40533295715176,
      "min": 0.0,
      "max": 99.4,
      "median": 70.8,
      "q25": 39.6,
      "q75": 91.3
    },
    "healthcare_access": {
      "count": 177,
      "mean": 77.75536723163842,
      "std": 24.299084798409222,
      "min": 2.1,
      "max": 100.0,
      "median": 85.3,
      "q25": 64.9,
      "q75": 98.7
    },
    "quality_education": {
      "count": 177,
      "mean": 0.0,
      "std": 0.0,
      "min": 0.0,
      "max": 0.0,
      "median": 0.0,
      "q25": 0.0,
      "q75": 0.0
    },
    "housing_value": {
      "count": 177,
      "mean": 42.985310734463276,
      "std": 16.412603984018272,
      "min": 0.0,
      "max": 85.0,
      "median": 40.3,
      "q25": 33.5,
      "q75": 54.0
    }
  },
  "correlations": {
    "active_outdoors": {
      "active_outdoors": 1.0,
      "built_beauty": 0.016481235936829403,
      "natural_beauty": -0.3004094246838776,
      "neighborhood_amenities": -0.1502387317127467,
      "air_travel_access": -0.2061255029909677,
      "public_transit_access": -0.03640630516430255,
      "healthcare_access": 0.06339773429786022,
      "quality_education": null,
      "housing_value": -0.005492513958582355
    },
    "built_beauty": {
      "active_outdoors": 0.016481235936829403,
      "built_beauty": 1.0,
      "natural_beauty": 0.09392559831979884,
      "neighborhood_amenities": 0.1419805594571226,
      "air_travel_access": 0.014741306520438974,
      "public_transit_access": -0.011366964518481437,
      "healthcare_access": 0.03304163683374309,
      "quality_education": null,
      "housing_value": -0.018646176977467156
    },
    "natural_beauty": {
      "active_outdoors": -0.30040942468387766,
      "built_beauty": 0.09392559831979884,
      "natural_beauty": 1.0,
      "neighborhood_amenities": 0.2844215094961496,
      "air_travel_access": 0.5016079151633231,
      "public_transit_access": 0.12204653865021951,
      "healthcare_access": 0.4021805869333345,
      "quality_education": null,
      "housing_value": 0.052244659199219085
    },
    "neighborhood_amenities": {
      "active_outdoors": -0.1502387317127467,
      "built_beauty": 0.1419805594571226,
      "natural_beauty": 0.28442150949614964,
      "neighborhood_amenities": 0.9999999999999999,
      "air_travel_access": 0.29441316770612036,
      "public_transit_access": 0.24716947612808535,
      "healthcare_access": 0.26152512250126964,
      "quality_education": null,
      "housing_value": -0.1409283051309538
    },
    "air_travel_access": {
      "active_outdoors": -0.2061255029909677,
      "built_beauty": 0.014741306520438974,
      "natural_beauty": 0.5016079151633231,
      "neighborhood_amenities": 0.29441316770612036,
      "air_travel_access": 0.9999999999999999,
      "public_transit_access": 0.16989846357319402,
      "healthcare_access": 0.37287256067503555,
      "quality_education": null,
      "housing_value": -0.07133952384003714
    },
    "public_transit_access": {
      "active_outdoors": -0.03640630516430255,
      "built_beauty": -0.011366964518481435,
      "natural_beauty": 0.12204653865021951,
      "neighborhood_amenities": 0.24716947612808535,
      "air_travel_access": 0.16989846357319402,
      "public_transit_access": 1.0,
      "healthcare_access": 0.18938647438804468,
      "quality_education": null,
      "housing_value": -0.1714223440204176
    },
    "healthcare_access": {
      "active_outdoors": 0.06339773429786022,
      "built_beauty": 0.03304163683374309,
      "natural_beauty": 0.4021805869333345,
      "neighborhood_amenities": 0.26152512250126964,
      "air_travel_access": 0.37287256067503555,
      "public_transit_access": 0.18938647438804468,
      "healthcare_access": 0.9999999999999999,
      "quality_education": null,
      "housing_value": 0.023826372979934406
    },
    "quality_education": {
      "active_outdoors": null,
      "built_beauty": null,
      "natural_beauty": null,
      "neighborhood_amenities": null,
      "air_travel_access": null,
      "public_transit_access": null,
      "healthcare_access": null,
      "quality_education": null,
      "housing_value": null
    },
    "housing_value": {
      "active_outdoors": -0.005492513958582356,
      "built_beauty": -0.018646176977467156,
      "natural_beauty": 0.05224465919921909,
      "neighborhood_amenities": -0.1409283051309538,
      "air_travel_access": -0.07133952384003714,
      "public_transit_access": -0.17142234402041762,
      "healthcare_access": 0.023826372979934406,
      "quality_education": null,
      "housing_value": 1.0
    }
  },
  "location_count": 177
}